Title,Price,Url
Send Flowers to Chennai for your Love!,₨1799,https://delhi.craigslist.org/atq/d/send-flowers-to-chennai-for-your-love/7101386837.html
10% OFF! ICD-10 Snapshot 2020 Coding Card Neurology,₨21,https://delhi.craigslist.org/bks/d/10-off-icd-10-snapshot-2020-coding-card/7101379107.html
ling size badhane ka tarika,₨3450,https://delhi.craigslist.org/hab/d/ling-size-badhane-ka-tarika/7101383823.html
HARSHRINGAR PATTA - PAARIJAAT LEAF,₨200,https://delhi.craigslist.org/hab/d/harshringar-patta-paarijaat-leaf/7101371863.html
MAJITH NEPALI ROOT - MANJISTHA ROOT,₨200,https://delhi.craigslist.org/hab/d/majith-nepali-root-manjistha-root/7101370790.html
cloudsurfer 36volt 250watt cycle hub motor,₨6000,https://delhi.craigslist.org/bdp/d/cloudsurfer-36volt-250watt-cycle-hub/7101371784.html
cloudsurfer 48 volt 1000watt 10 inch scooter hub motor,₨7000,https://delhi.craigslist.org/mcd/d/cloudsurfer-48-volt-1000watt-10-inch/7101371092.html
cloudsurfer 24volt 250 watt cycle pmdc conversion kit,₨4500,https://delhi.craigslist.org/bdp/d/cloudsurfer-24volt-250-watt-cycle-pmdc/7101369875.html
cloudsurfer 48volt scooter conversion kit,₨10000,https://delhi.craigslist.org/mcd/d/cloudsurfer-48volt-scooter-conversion/7101368957.html
Derma Chill Facial Kit,₨2000,https://delhi.craigslist.org/hab/d/derma-chill-facial-kit/7101164106.html
Call Recording Spy Software In Delhi,₨1000,https://delhi.craigslist.org/eld/d/call-recording-spy-software-in-delhi/7100918495.html
Mobile Spy Software Without Rooting In Delhi,₨1000,https://delhi.craigslist.org/eld/d/mobile-spy-software-without-rooting-in/7100917328.html
CHITRAK BARK - CHITA CHAAL,₨210,https://delhi.craigslist.org/hab/d/chitrak-bark-chita-chaal/7100898175.html
Spy Mobile Software Price In Delhi,₨1000,https://delhi.craigslist.org/eld/d/spy-mobile-software-price-in-delhi/7100912478.html
Mobile Spy Software Without Physical Access In Delhi,₨1000,https://delhi.craigslist.org/eld/d/mobile-spy-software-without-physical/7100913612.html
Spy Mobile Software Download In Delhi,₨1000,https://delhi.craigslist.org/eld/d/spy-mobile-software-download-in-delhi/7100912945.html
Spy Mobile Software In Delhi,₨1000,https://delhi.craigslist.org/eld/d/spy-mobile-software-in-delhi/7100911994.html
Purchase O3+ Whitening Spf 30 Online,₨490,https://delhi.craigslist.org/hab/d/purchase-o3-whitening-spf-30-online/7100910999.html
Spy Mobile Software Free Download In Delhi,₨1000,https://delhi.craigslist.org/eld/d/spy-mobile-software-free-download-in/7100911465.html
Spy Mobile Software For Android In Delhi,₨1000,https://delhi.craigslist.org/eld/d/spy-mobile-software-for-android-in-delhi/7100910906.html
Mobile Spy Application Free In Delhi,₨1000,https://delhi.craigslist.org/eld/d/mobile-spy-application-free-in-delhi/7100910370.html
Buy Spy Software For Android Mobile In Delhi,₨1000,https://delhi.craigslist.org/eld/d/buy-spy-software-for-android-mobile-in/7100909743.html
INDRAYAN BEEJ,₨200,https://delhi.craigslist.org/hab/d/indrayan-beej/7100896526.html
Certified Gemstone - Buy Original Pearl or Moti at Kalka,₨125,https://delhi.craigslist.org/jwd/d/certified-gemstone-buy-original-pearl/7100854221.html
RedCoral / Moonga Gemstone Best Price at Kalka,₨525,https://delhi.craigslist.org/jwd/d/redcoral-moonga-gemstone-best-price-at/7100854134.html
Dandruff Control Treatment Kit,₨975,https://delhi.craigslist.org/hab/d/dandruff-control-treatment-kit/7100723428.html
सेक्स power ke liye ayurvedic dawa,₨3450,https://delhi.craigslist.org/hab/d/power-ke-liye-ayurvedic-dawa/7100492507.html
"Outstanding cotton GADOWAL Saree could be used for official,casual and",₨750,https://delhi.craigslist.org/cld/d/outstanding-cotton-gadowal-saree-could/7100058492.html
Ling varadhi kre kuch hi samye mein,₨3450,https://delhi.craigslist.org/hab/d/ling-varadhi-kre-kuch-hi-samye-mein/7100037002.html
Bio MemorySharp Capsules,₨959,https://delhi.craigslist.org/hab/d/bio-memorysharp-capsules/7100023700.html
What’s the secret of flawless and smooth skin?,₨1799,https://delhi.craigslist.org/hab/d/whats-the-secret-of-flawless-and-smooth/7100023656.html
FLOATING LIGHT OIL WICKS-FLOATING WICKS BY INDIAN WAX INDUSTRIES,₨1800,https://delhi.craigslist.org/hsd/d/floating-light-oil-wicks-floating-wicks/7096205602.html
FLOATING LIGHT OIL WICKS-FLOATING WICKS BY INDIAN WAX INDUSTRIES,₨1800,https://delhi.craigslist.org/hsd/d/floating-light-oil-wicks-floating-wicks/7086309617.html
Bridal Glow Facial Kit,₨950,https://delhi.craigslist.org/hab/d/bridal-glow-facial-kit/7099828129.html
Ling khada krne or mota krne ke liye ayurvedic upchar kya hai?,₨3450,https://delhi.craigslist.org/hab/d/ling-khada-krne-or-mota-krne-ke-liye/7099582893.html
Spy Audio Gadgets In Nehru Place,₨2000,https://delhi.craigslist.org/eld/d/spy-audio-gadgets-in-nehru-place/7099579860.html
Buy Spy Audio Devices In Nehru Place,₨2000,https://delhi.craigslist.org/eld/d/buy-spy-audio-devices-in-nehru-place/7099578511.html
Gold Facial Kit,₨1400,https://delhi.craigslist.org/hab/d/gold-facial-kit/7099357688.html
Moringa Skin Toner,₨125,https://delhi.craigslist.org/hab/d/moringa-skin-toner/7082600305.html
3 in 1 Orange Blossom Body Wash,₨190,https://delhi.craigslist.org/hab/d/3-in-1-orange-blossom-body-wash/7083212574.html
Jasmine Blossom Body Wash,₨190,https://delhi.craigslist.org/hab/d/jasmine-blossom-body-wash/7083856587.html
3 in 1 Plum Blossom Body Wash,₨205,https://delhi.craigslist.org/hab/d/3-in-1-plum-blossom-body-wash/7086262173.html
Honey & Shea Butter Body Lotion,₨245,https://delhi.craigslist.org/hab/d/honey-shea-butter-body-lotion/7086923566.html
Cocoa Butter & Vanilla Body Cream,₨525,https://delhi.craigslist.org/hab/d/cocoa-butter-vanilla-body-cream/7087553262.html
Firming Gel,₨440,https://delhi.craigslist.org/hab/d/firming-gel/7088209012.html
Foot Cream,₨175,https://delhi.craigslist.org/hab/d/foot-cream/7089986296.html
Nourishing Hand Cream,₨175,https://delhi.craigslist.org/hab/d/nourishing-hand-cream/7091903104.html
Yoga Facial Kit,₨849,https://delhi.craigslist.org/hab/d/yoga-facial-kit/7092465908.html
Combination Skin Essentials Kit,₨850,https://delhi.craigslist.org/hab/d/combination-skin-essentials-kit/7094099051.html
Oily Skin Essentials Kit,₨850,https://delhi.craigslist.org/hab/d/oily-skin-essentials-kit/7095418626.html
Skin Glow Facial Kit,₨800,https://delhi.craigslist.org/hab/d/skin-glow-facial-kit/7097866242.html
Dry Skin Essentials Kit,₨225,https://delhi.craigslist.org/hab/d/dry-skin-essentials-kit/7096200715.html
5 in 1 Facial Kit,₨1150,https://delhi.craigslist.org/hab/d/5-in-1-facial-kit/7097614539.html
MICHAEL KORS True Navy Graphic Striped Tee,₨6950,https://delhi.craigslist.org/clo/d/michael-kors-true-navy-graphic-striped/7099082553.html
Shop Rose & Jasmine Body Lotion Tester Online - Vanya Herbal,₨70,https://delhi.craigslist.org/hab/d/shop-rose-jasmine-body-lotion-tester/7099080573.html
Spiritual Tour Packages,₨2999,https://delhi.craigslist.org/bks/d/spiritual-tour-packages/7099069726.html
Arjuna Chaal,₨208,https://delhi.craigslist.org/hab/d/arjuna-chaal/7099057477.html
Spy Audio Bug In Delhi,₨1000,https://delhi.craigslist.org/eld/d/spy-audio-bug-in-delhi/7099052412.html
Bugging Device In Delhi,₨2000,https://delhi.craigslist.org/eld/d/bugging-device-in-delhi/7099051992.html
Hidden Audio Listener In Delhi,₨2000,https://delhi.craigslist.org/eld/d/hidden-audio-listener-in-delhi/7099051761.html
Secret Audio Recorder In Delhi,₨1000,https://delhi.craigslist.org/eld/d/secret-audio-recorder-in-delhi/7099051526.html
Spy Audio Recorders In Delhi,₨2000,https://delhi.craigslist.org/eld/d/spy-audio-recorders-in-delhi/7099051126.html
Hidden Audio Recorders In Delhi,₨1000,https://delhi.craigslist.org/eld/d/hidden-audio-recorders-in-delhi/7099050728.html
Spy Gsm Bug In Delhi,₨2000,https://delhi.craigslist.org/eld/d/spy-gsm-bug-in-delhi/7099050504.html
Hidden Recorders Online In Delhi,₨1000,https://delhi.craigslist.org/eld/d/hidden-recorders-online-in-delhi/7099050149.html
Radiant - Powerful Networking Cables & Communication Solutions in Indi,₨6500,https://delhi.craigslist.org/ele/d/radiant-powerful-networking-cables/7099050106.html
Spy Audio Gadgets In Delhi,₨1000,https://delhi.craigslist.org/eld/d/spy-audio-gadgets-in-delhi/7099049710.html
Buy Spy Audio Devices In Delhi,₨1000,https://delhi.craigslist.org/eld/d/buy-spy-audio-devices-in-delhi/7099049337.html
Diamond Glow Facial Kit,₨1800,https://delhi.craigslist.org/hab/d/diamond-glow-facial-kit/7098831813.html
T-Shirt & Bag Manufacturer In India-TheCrossWild,₨70,https://delhi.craigslist.org/clo/d/shirt-bag-manufacturer-in-india/7088188082.html
Window Awnings Manufacturer,₨2000,https://delhi.craigslist.org/fuo/d/window-awnings-manufacturer/7098613107.html
Ayurvedic Silver Moon Cleansing Gel,₨140,https://delhi.craigslist.org/hab/d/ayurvedic-silver-moon-cleansing-gel/7098603741.html
WIFI SMART PLUG ( Model No.: PS-16-MA ),₨990,https://delhi.craigslist.org/app/d/wifi-smart-plug-model-no-ps-16-ma/7098590049.html
Peptech Biosciences Ltd. Best Agricultural Products Manufacturer,₨10,https://delhi.craigslist.org/grd/d/peptech-biosciences-ltd-best/7098575666.html
Single Nylon Flocked Swab Viral Transport Kit For Corona Virus Testing,₨850,https://delhi.craigslist.org/hab/d/single-nylon-flocked-swab-viral/7098564024.html
Portable Wifi Jammer In Green Park,₨1000,https://delhi.craigslist.org/eld/d/portable-wifi-jammer-in-green-park/7098562039.html
Mobile Jammer Shop In Green Park,₨1000,https://delhi.craigslist.org/eld/d/mobile-jammer-shop-in-green-park/7098562728.html
Wifi Jammer In Green Park,₨1000,https://delhi.craigslist.org/eld/d/wifi-jammer-in-green-park/7098562543.html
Surveillance Jammer In Green Park,₨1000,https://delhi.craigslist.org/eld/d/surveillance-jammer-in-green-park/7098562301.html
Wifi Jammer For Home In Green Park,₨2000,https://delhi.craigslist.org/eld/d/wifi-jammer-for-home-in-green-park/7098562199.html
RF Jamming Equipment In Green Park,₨2000,https://delhi.craigslist.org/eld/d/rf-jamming-equipment-in-green-park/7098561890.html
Radio Jamming In Green Park,₨1000,https://delhi.craigslist.org/eld/d/radio-jamming-in-green-park/7098561605.html
Mobile Phone Jammer In Green Park,₨2000,https://delhi.craigslist.org/eld/d/mobile-phone-jammer-in-green-park/7098561340.html
Cell Phone Jamming Device In Green Park,₨1000,https://delhi.craigslist.org/eld/d/cell-phone-jamming-device-in-green-park/7098561080.html
Portable Cell Phone Jammers In Green Park,₨2000,https://delhi.craigslist.org/eld/d/portable-cell-phone-jammers-in-green/7098560680.html
Ling varadhi liye ayurvedic upay kya hai?,₨3450,https://delhi.craigslist.org/hab/d/ling-varadhi-liye-ayurvedic-upay-kya-hai/7098558496.html
Learn a language while you are isolating!,₨77,https://delhi.craigslist.org/bks/d/learn-language-while-you-are-isolating/7098544475.html
Hairfall Control Treatment Kit,₨975,https://delhi.craigslist.org/hab/d/hairfall-control-treatment-kit/7098363437.html
Buy Pomegranate Face Mask Tester Online - Vanya Herbal,₨125,https://delhi.craigslist.org/hab/d/buy-pomegranate-face-mask-tester-online/7098131844.html
Mobile Jammer Shop,₨2000,https://delhi.craigslist.org/eld/d/mobile-jammer-shop/7098115738.html
Jamming Equipment,₨1000,https://delhi.craigslist.org/eld/d/jamming-equipment/7098115159.html
Wifi Jammer,₨2000,https://delhi.craigslist.org/eld/d/wifi-jammer/7098114610.html
Surveillance Jammer,₨1000,https://delhi.craigslist.org/eld/d/surveillance-jammer/7098113622.html
Wifi Jammer For Home,₨1000,https://delhi.craigslist.org/eld/d/wifi-jammer-for-home/7098112854.html
Portable Wifi Jammer,₨1000,https://delhi.craigslist.org/eld/d/portable-wifi-jammer/7098112050.html
RF Jamming Equipment,₨1000,https://delhi.craigslist.org/eld/d/rf-jamming-equipment/7098111565.html
Radio Jamming,₨2000,https://delhi.craigslist.org/eld/d/radio-jamming/7098110835.html
Mobile Phone Jammer,₨1000,https://delhi.craigslist.org/eld/d/mobile-phone-jammer/7098110273.html
Cell Phone Jamming Device,₨2000,https://delhi.craigslist.org/eld/d/cell-phone-jamming-device/7098109545.html
Portable Cell Phone Jammers,₨1000,https://delhi.craigslist.org/eld/d/portable-cell-phone-jammers/7098109080.html
CALVIN KLEIN Multi Color OffShoulder Floral Dress at Darveys,₨7950,https://delhi.craigslist.org/clo/d/calvin-klein-multi-color-offshoulder/7098084078.html
Having private cabins with quality service provided in India,₨2500,https://delhi.craigslist.org/bfs/d/having-private-cabins-with-quality/7098074021.html
Great Feature of GermCide X,₨119,https://delhi.craigslist.org/syd/d/great-feature-of-germcide/7098062536.html
"Cled Agar: Composition, Principle, Uses- TM Media",₨12,https://delhi.craigslist.org/hab/d/cled-agar-composition-principle-uses-tm/7097581053.html
need iguana,₨7000,https://delhi.craigslist.org/wan/d/need-iguana/7097276970.html
Edigiland,₨10000,https://delhi.craigslist.org/clo/d/edigiland/7097150832.html
Ozonizers for sale,₨8000,https://delhi.craigslist.org/ppd/d/ozonizers-for-sale/7097131728.html
Portable Cell Phone Jammers In Green Park,₨1000,https://delhi.craigslist.org/eld/d/portable-cell-phone-jammers-in-green/7096713669.html
Cell Phone Jamming Device In Green Park,₨1000,https://delhi.craigslist.org/eld/d/cell-phone-jamming-device-in-green-park/7096713140.html
Mobile Phone Jammer In Green Park,₨1000,https://delhi.craigslist.org/eld/d/mobile-phone-jammer-in-green-park/7096712775.html
Radio Jamming In Green Park,₨1000,https://delhi.craigslist.org/eld/d/radio-jamming-in-green-park/7096711430.html
RF Jamming Equipment In Green Park,₨1000,https://delhi.craigslist.org/eld/d/rf-jamming-equipment-in-green-park/7096709306.html
Portable Wifi Jammer In Green Park,₨1000,https://delhi.craigslist.org/mod/d/portable-wifi-jammer-in-green-park/7096708725.html
Wifi Jammer For Home In Green Park,₨1000,https://delhi.craigslist.org/eld/d/wifi-jammer-for-home-in-green-park/7096709088.html
Wifi Jammer In Green Park,₨1000,https://delhi.craigslist.org/mod/d/wifi-jammer-in-green-park/7096708424.html
Jamming Equipment In Green Park,₨1000,https://delhi.craigslist.org/mod/d/jamming-equipment-in-green-park/7096708118.html
Fogging Machine Manufacturer,₨6500,https://delhi.craigslist.org/ele/d/fogging-machine-manufacturer/7096699483.html
onion hair oil,₨506,https://delhi.craigslist.org/hab/d/onion-hair-oil/7096680910.html
Spy Software in Delhi,₨1000,https://delhi.craigslist.org/eld/d/spy-software-in-delhi/7096684453.html
Modular Office Furniture in Gurgaon,₨5000,https://delhi.craigslist.org/fuo/d/modular-office-furniture-in-gurgaon/7096229762.html
Buy Pudin Fresh Tester Online in India - Vanya Herbal,₨60,https://delhi.craigslist.org/hab/d/buy-pudin-fresh-tester-online-in-india/7096209191.html
REBECCA MINKOFF Ecru Graphic Cotton Cropped Top at Darveys,₨5950,https://delhi.craigslist.org/clo/d/rebecca-minkoff-ecru-graphic-cotton/7096205757.html
Keep Your Vehicle Cabin Interior Cool With RefrKeep Your igerant R134a,₨1000,https://delhi.craigslist.org/mat/d/keep-your-vehicle-cabin-interior-cool/7096204662.html
Purchase O3+ Dtan Pack Small Online,₨830,https://delhi.craigslist.org/hab/d/purchase-o3-dtan-pack-small-online/7095684159.html
Ling ka aakar kaise bdhaye,₨3450,https://delhi.craigslist.org/hab/d/ling-ka-aakar-kaise-bdhaye/7095680603.html
Are You Searching Penis Enlargement Medicine? Then  Peniking Is Unique,₨3850,https://delhi.craigslist.org/hab/d/are-you-searching-penis-enlargement/7095669016.html
Buy Silicone Based Lubricant,₨2064,https://delhi.craigslist.org/hab/d/buy-silicone-based-lubricant/7095169607.html
Banking Awareness Kiosk Banking | Online Banking courses | Examsacadem,₨5000,https://delhi.craigslist.org/wan/d/banking-awareness-kiosk-banking-online/7095161431.html
Mobile Jammer Shop In Delhi,₨2000,https://delhi.craigslist.org/eld/d/mobile-jammer-shop-in-delhi/7095167477.html
Anti Dandruff Shampoo - Yougee Cosmorganic,₨620,https://delhi.craigslist.org/hab/d/anti-dandruff-shampoo-yougee-cosmorganic/7095148361.html
REVERSE GEAR | FANCY NEW LADIES DRESS FOR A SUMMER SPIN,₨1000,https://delhi.craigslist.org/clo/d/reverse-gear-fancy-new-ladies-dress-for/7095131337.html
Buy an online designer chura for bride,₨2299,https://delhi.craigslist.org/app/d/buy-an-online-designer-chura-for-bride/7094650931.html
Natural Benefits of Neem Tablet,₨1799,https://delhi.craigslist.org/hab/d/natural-benefits-of-neem-tablet/7094635153.html
Jeans Manufacturer in Delhi,₨600,https://delhi.craigslist.org/wan/d/jeans-manufacturer-in-delhi/7094639918.html
Buy Online V shape bra in India,₨999,https://delhi.craigslist.org/clo/d/buy-online-shape-bra-in-india/7094636308.html
Miracle Moisture Toning Face Cream for Nourished Tone & Firmness,₨1799,https://delhi.craigslist.org/hab/d/miracle-moisture-toning-face-cream-for/7094634101.html
Choco Fudge Keto Cookies,₨279,https://delhi.craigslist.org/hab/d/choco-fudge-keto-cookies/7094632543.html
Women’s Health and Wellness,₨1199,https://delhi.craigslist.org/hab/d/womens-health-and-wellness/7088832078.html
The 9 Best Things about Boost Your Energy & Booster Stamina with Penik,₨3850,https://delhi.craigslist.org/hab/d/the-9-best-things-about-boost-your/7094628835.html
Fruit Punch Body wash-  Touch of fruits at every wash,₨150,https://delhi.craigslist.org/had/d/fruit-punch-body-wash-touch-of-fruits/7094618463.html
Coconut Avocado Shampoo- A perfect infusion for a healthy hair,₨180,https://delhi.craigslist.org/had/d/coconut-avocado-shampoo-perfect/7094618304.html
Disco Lights,₨1750,https://delhi.craigslist.org/ele/d/disco-lights/7094613012.html
Sowing Happiness – Best Place to Buy Matching Couple T-Shirts!,₨649,https://delhi.craigslist.org/clo/d/sowing-happiness-best-place-to-buy/7094609795.html
HEART THOSE CURVES | SUMMER PLUS SIZE FASHION FOR YOU,₨1049,https://delhi.craigslist.org/clo/d/heart-those-curves-summer-plus-size/7094601947.html
Renovate your Home With New uPvc windows Manufacture,₨3000,https://delhi.craigslist.org/hsh/d/renovate-your-home-with-new-upvc/7094092535.html
Buy O3+ Acnesis Serum Online,₨1700,https://delhi.craigslist.org/hab/d/buy-o3-acnesis-serum-online/7094090344.html
Simon Classic Style Plates ( Blanco + Plata + Grafito ),₨175,https://delhi.craigslist.org/app/d/simon-classic-style-plates-blanco-plata/7094088793.html
Find the best Range of Spy Audio Devices in Delhi on Spy World,₨1000,https://delhi.craigslist.org/eld/d/find-the-best-range-of-spy-audio/7094072516.html
NEW HEIGHTS OF FASHION | PLUS SIZE WOMEN’S CLOTHING WE HEART,₨543,https://delhi.craigslist.org/clo/d/new-heights-of-fashion-plus-size-womens/7094069424.html
Supermarket racks manufacturer,₨5000,https://delhi.craigslist.org/fuo/d/supermarket-racks-manufacturer/7093094254.html
Gifts & Goods Affair,₨120,https://delhi.craigslist.org/for/d/gifts-goods-affair/7093065083.html
WIFI SMART MINI PLUG - Model No.: PS-16-NA,₨990,https://delhi.craigslist.org/app/d/wifi-smart-mini-plug-model-no-ps-16-na/7093063914.html
"Buy Dumbbells and Weights Online,  Weights Training Equipment",₨500,https://delhi.craigslist.org/spo/d/buy-dumbbells-and-weights-online/7093048012.html
TOP SIDE | HAND-PICKED NEW WOMEN TOPS ONLINE FASHION,₨874,https://delhi.craigslist.org/clo/d/top-side-hand-picked-new-women-tops/7093043729.html
Home made Liquor Chocolates Available,₨1500,https://delhi.craigslist.org/wan/d/home-made-liquor-chocolates-available/7092542221.html
Buy O3+ Agelock Clarifying Treatments Facial Cleansing Gel Online,₨674,https://delhi.craigslist.org/hab/d/buy-o3-agelock-clarifying-treatments/7092476639.html
Pee Safe Organic Tampons (Pack of 16) at TabletShablet,₨270,https://delhi.craigslist.org/hab/d/pee-safe-organic-tampons-pack-of-16-at/7092467247.html
Home made  Liquor Chocolates Available,₨1500,https://delhi.craigslist.org/for/d/home-made-liquor-chocolates-available/7092464884.html
NEW STUNNER | PAMPER YOUR ANGEL WITH GIRLS PLAYSUIT,₨225,https://delhi.craigslist.org/atq/d/new-stunner-pamper-your-angel-with/7092453314.html
gemstone - Buy Natural Red Coral or Moonga Best Price at Kalka,₨525,https://delhi.craigslist.org/jwd/d/gemstone-buy-natural-red-coral-or/7076224938.html
Gemstone - Buy Natural Blue sapphire or Neelam Best Price at Kalka,₨3750,https://delhi.craigslist.org/jwd/d/gemstone-buy-natural-blue-sapphire-or/7076224231.html
Gemstones - Buy Natural Yellow Sapphire or Pukhraj Best Price at Kalka,₨3750,https://delhi.craigslist.org/jwd/d/gemstones-buy-natural-yellow-sapphire/7076223396.html
gemstone - buy Certified Ruby or Manik gemstone best Price at Kalka,₨325,https://delhi.craigslist.org/jwd/d/gemstone-buy-certified-ruby-or-manik/7076225292.html
Buy Natural certified Emerald or Panna best Price at Kalka,₨525,https://delhi.craigslist.org/jwd/d/buy-natural-certified-emerald-or-panna/7076224564.html
Benefits of dark color yellow sapphire/pukhraj gemstone Realstone,₨3750,https://delhi.craigslist.org/jwd/d/benefits-of-dark-color-yellow-sapphire/7078113204.html
"Experience Therapeutic Massage to balance body, mind and spirit",₨919,https://delhi.craigslist.org/hab/d/experience-therapeutic-massage-to/7091915715.html
Are you looking for an essential anti-rash cream?,₨1799,https://delhi.craigslist.org/hab/d/are-you-looking-for-an-essential-anti/7091909701.html
Buy Sugar Free Sweeteners Online in India at Tabletshablet,₨42,https://delhi.craigslist.org/had/d/buy-sugar-free-sweeteners-online-in/7091893676.html
Buy Best Beauty Products From Boddess,₨10,https://delhi.craigslist.org/atq/d/buy-best-beauty-products-from-boddess/7091877547.html
MAN UP WITH | OXOLLOXO’S NEW MEN FASHION DRESS,₨1449,https://delhi.craigslist.org/clo/d/man-up-with-oxolloxos-new-men-fashion/7091884026.html
Stella EDB to PST Converter Software,₨199,https://delhi.craigslist.org/sys/d/stella-edb-to-pst-converter-software/7091321990.html
Xiaomi broken screens fixed at your doorstep! Call GoEasyRepair NOW!,₨1599,https://delhi.craigslist.org/eld/d/xiaomi-broken-screens-fixed-at-your/7091280266.html
Ling varadhi ki ayurvedic dawa ka istemaal krna chahiye yaa nhi,₨3450,https://delhi.craigslist.org/hab/d/ling-varadhi-ki-ayurvedic-dawa-ka/7091262885.html
Slimming Gels for Belly Fat Online in India at Tabletshablet,₨265,https://delhi.craigslist.org/hab/d/slimming-gels-for-belly-fat-online-in/7089978790.html
call girls in delhi women seeking men,₨8000,https://delhi.craigslist.org/atd/d/call-girls-in-delhi-women-seeking-men/7089501271.html
The Awesome looking T-Shirts for Women Online – Sowing Happiness,₨299,https://delhi.craigslist.org/clo/d/the-awesome-looking-shirts-for-women/7088852467.html
Weight Loss Supplements for Women and Men Online,₨152,https://delhi.craigslist.org/hab/d/weight-loss-supplements-for-women-and/7088847276.html
Women's Day Sale,₨1199,https://delhi.craigslist.org/hab/d/womens-day-sale/7088834342.html
ENCORE CHARISMA | GLAM YOURSELF WITH OUR STYLISH TUNICS ONLINE,₨760,https://delhi.craigslist.org/clo/d/encore-charisma-glam-yourself-with-our/7088830542.html
"Spy Mobile Signal jammer, Cell Phone Jammer| Cellular Jammer| Network",₨1000,https://delhi.craigslist.org/eld/d/spy-mobile-signal-jammer-cell-phone/7088819189.html
Manobhav gift items of divinity from luxury handicrafts,₨900,https://delhi.craigslist.org/atq/d/manobhav-gift-items-of-divinity-from/7088207844.html
ling badhane ki ayurvedic dawa,₨3450,https://delhi.craigslist.org/hab/d/ling-badhane-ki-ayurvedic-dawa/7088204778.html
Buy Double Monk Strap Shoes Online at Best Price,₨4999,https://delhi.craigslist.org/clo/d/buy-double-monk-strap-shoes-online-at/7088192279.html
India’s Best CS Executive Pendrive Classes,₨10000,https://delhi.craigslist.org/bkd/d/indias-best-cs-executive-pendrive/7088188367.html
Purchase O3+ Deep Concerns Pore Clean Up Tonic Online,₨920,https://delhi.craigslist.org/hab/d/purchase-o3-deep-concerns-pore-clean-up/7088182435.html
BCBGMAXAZRIA Honeysuckle Asymmetric Party Dress,₨9950,https://delhi.craigslist.org/clo/d/bcbgmaxazria-honeysuckle-asymmetric/7088183616.html
WONDER WOMAN | COMFY NEW MATERNITY WEAR ONLINE CHEAP,₨944,https://delhi.craigslist.org/clo/d/wonder-woman-comfy-new-maternity-wear/7088174754.html
3ply Disposable Mouth Masks 100pcs,₨2500,https://delhi.craigslist.org/hab/d/3ply-disposable-mouth-masks-100pcs/7088174225.html
Why Choose Norton?,₨200,https://delhi.craigslist.org/sop/d/why-choose-norton/7088165133.html
How To Cure From Premature Ejaculation And Make Better Sexual  Health With Penik,₨3850,https://delhi.craigslist.org/hab/d/how-to-cure-from-premature-ejaculation/7087566145.html
Purchase O3+ Derma Calm Moisturizer Online,₨385,https://delhi.craigslist.org/hab/d/purchase-o3-derma-calm-moisturizer/7087569129.html
Sports T-Shirts for Men – Buy Best Sports T Shirts – Sowing Happiness!,₨399,https://delhi.craigslist.org/clo/d/sports-shirts-for-men-buy-best-sports/7087565904.html
Buy Organic Masala Powder Online in India from ORCO,₨89,https://delhi.craigslist.org/hab/d/buy-organic-masala-powder-online-in/7087548184.html
Avant Sport Brings Ultra Lightweight Sports Shoes For Men,₨599,https://delhi.craigslist.org/clo/d/avant-sport-brings-ultra-lightweight/7087543099.html
LIVE STYLISH | SUMMER MAYHEM WITH OUR HOT DEAL ONLINE,₨1299,https://delhi.craigslist.org/clo/d/live-stylish-summer-mayhem-with-our-hot/7087536400.html
Centre table,₨5000,https://delhi.craigslist.org/fuo/d/centre-table/7086998420.html
Crop Tiger By Peptech Biosciences,₨10,https://delhi.craigslist.org/tls/d/crop-tiger-by-peptech-biosciences/7086935885.html
Best How to Improve Your Male Sexual Health (male Enhancement) In Indi,₨3850,https://delhi.craigslist.org/hab/d/best-how-to-improve-your-male-sexual/7086929884.html
BAY KHUMBA - BAIKHUMBA,₨200,https://delhi.craigslist.org/hab/d/bay-khumba-baikhumba/7086929883.html
Buy Tester AnaarCleanse Online in India | Vanya Herbal,₨60,https://delhi.craigslist.org/hab/d/buy-tester-anaarcleanse-online-in-india/7086925398.html
Azani Sport Always For Joggers Track Pants or Quick Dry Trackpants,₨499,https://delhi.craigslist.org/clo/d/azani-sport-always-for-joggers-track/7086895278.html
BETSEY JOHNSON Peach Bug Printed Wrap Dress,₨7950,https://delhi.craigslist.org/clo/d/betsey-johnson-peach-bug-printed-wrap/7086902006.html
Mobile Signal Jammer in Delhi,₨1999,https://delhi.craigslist.org/eld/d/mobile-signal-jammer-in-delhi/7086892144.html
DRESS STATEMENT | ALL NEW LADIES DRESS FOR SUMMER GLAMOUR,₨1079,https://delhi.craigslist.org/clo/d/dress-statement-all-new-ladies-dress/7086889545.html
Kandamkulathy Eladi Paediatric Cough Syrup 100ml,₨67,https://delhi.craigslist.org/had/d/kandamkulathy-eladi-paediatric-cough/7086295296.html
Buy Herbal Incense Resin Online From Aromacraft,₨171,https://delhi.craigslist.org/hab/d/buy-herbal-incense-resin-online-from/7086287758.html
Nutrient Broth Available At PG Microlab Solution,₨460,https://delhi.craigslist.org/tls/d/nutrient-broth-available-at-pg-microlab/7086288524.html
"Manobhav, luxury handicraft is also producer of gift items",₨700,https://delhi.craigslist.org/art/d/manobhav-luxury-handicraft-is-also/7086277321.html
Weight Loss Drinks to Lose Belly Fat Online at TabletShablet,₨81,https://delhi.craigslist.org/hab/d/weight-loss-drinks-to-lose-belly-fat/7086272035.html
Buy online Women's Day Gift with free shipping Delivery!,₨1550,https://delhi.craigslist.org/atq/d/buy-online-womens-day-gift-with-free/7086272771.html
Awesome Solution of Premature Ejaculation From Peniking,₨3850,https://delhi.craigslist.org/hab/d/awesome-solution-of-premature/7086270354.html
BETSEY JOHNSON Dark Pink Scalloped Trim Scuba Crepe Dress,₨8950,https://delhi.craigslist.org/clo/d/betsey-johnson-dark-pink-scalloped-trim/7086277215.html
Purchase O3+ Soothing Gel Cream Online,₨350,https://delhi.craigslist.org/hab/d/purchase-o3-soothing-gel-cream-online/7086275807.html
Ayurvedic Medicine for Diabetes | Herbal Medicine,₨2499,https://delhi.craigslist.org/had/d/ayurvedic-medicine-for-diabetes-herbal/7086251124.html
MOTHER’S FASHION | MULTIPLE MATERNITY MAXI DRESSES ONLINE INDIA,₨375,https://delhi.craigslist.org/clo/d/mothers-fashion-multiple-maternity-maxi/7086251866.html
Certified Ruby/ Manik gemstones @325 only at Kalka,₨325,https://delhi.craigslist.org/jwd/d/certified-ruby-manik-gemstones-325-only/7069963864.html
525per Ratti Gemstones buy Natural RedCoral or Moonga,₨525,https://delhi.craigslist.org/jwd/d/525per-ratti-gemstones-buy-natural/7069962534.html
125per ratti only buy Natural Hessonites or Gomed at delhi,₨125,https://delhi.craigslist.org/jwd/d/125per-ratti-only-buy-natural/7069963193.html
gemstone - 325 Per ratti onlye buy Natural Ruby or Manik,₨325,https://delhi.craigslist.org/jwd/d/gemstone-per-ratti-onlye-buy-natural/7069961566.html
125per Rati Cats eye / lehsunia Gemstones @ Buy now,₨125,https://delhi.craigslist.org/jwd/d/125per-rati-cats-eye-lehsunia-gemstones/7069961117.html
525per only natural emerald / Panna Buy now,₨525,https://delhi.craigslist.org/jwd/d/525per-only-natural-emerald-panna-buy/7069960463.html
Get Healthy And Glowing Skin Naturally With Acne Protective Face Wash,₨1799,https://delhi.craigslist.org/hab/d/get-healthy-and-glowing-skin-naturally/7085630298.html
Graceful Handcrafted TribalArt Terracotta Necklace is a part of every,₨325,https://delhi.craigslist.org/jwd/d/graceful-handcrafted-tribalart/7073871448.html
Ling varadhi k liye bharat mein ayurvedic dawa,₨3450,https://delhi.craigslist.org/hab/d/ling-varadhi-liye-bharat-mein-ayurvedic/7085602074.html
TROUSER FIASCO | STUNNING NEW TROUSERS FOR WOMEN SHOP NOW,₨390,https://delhi.craigslist.org/clo/d/trouser-fiasco-stunning-new-trousers/7085600591.html
Toreto Air – Wireless Headphone,₨2124,https://delhi.craigslist.org/ele/d/toreto-air-wireless-headphone/7085122936.html
Vintage ARCHIE comics,₨200,https://delhi.craigslist.org/clt/d/vintage-archie-comics/7085107189.html
Remix Duo - 2 in 1 Charger With 3W Speaker,₨1274,https://delhi.craigslist.org/eld/d/remix-duo-2-in-1-charger-with-3w-speaker/7085103017.html
The GSM Shop - Iphone Turbo Sim,₨349,https://delhi.craigslist.org/bfs/d/the-gsm-shop-iphone-turbo-sim/7084507269.html
Mobiles for sale,₨3500,https://delhi.craigslist.org/mob/d/mobiles-for-sale/7084503752.html
Triple Sugar Iron Agar : PG Microlab,₨715,https://delhi.craigslist.org/hab/d/triple-sugar-iron-agar-pg-microlab/7084497187.html
Collection of Beautiful Women Socks Online at 20%Off,₨249,https://delhi.craigslist.org/clo/d/collection-of-beautiful-women-socks/7084489617.html
Forest Infusion Ayurvedic Psoriasis Soap,₨721,https://delhi.craigslist.org/had/d/forest-infusion-ayurvedic-psoriasis-soap/7084481214.html
Collection of Formal socks for Men,₨249,https://delhi.craigslist.org/wan/d/collection-of-formal-socks-for-men/7084479298.html
Stretch Marks Cream Online in India - Tabletshablet,₨139,https://delhi.craigslist.org/hab/d/stretch-marks-cream-online-in-india/7084469019.html
Buy Ayurvedic Medicine for Diabetes,₨2440,https://delhi.craigslist.org/had/d/buy-ayurvedic-medicine-for-diabetes/7084464054.html
CURVES GOING STRONG | ALL NEW PLUS SIZE DRESSES ONLINE INDIA,₨70,https://delhi.craigslist.org/clo/d/curves-going-strong-all-new-plus-size/7084465399.html
Best Ayurvedic herbal medicine for penis enlargement: Peniking,₨3850,https://delhi.craigslist.org/hab/d/best-ayurvedic-herbal-medicine-for/7083851907.html
Buy O3+ Lightening & Calming Facewash Online,₨385,https://delhi.craigslist.org/hab/d/buy-o3-lightening-calming-facewash/7083849326.html
Sweet basil essential oil,₨2088,https://delhi.craigslist.org/hab/d/sweet-basil-essential-oil/7083829337.html
Denim Jeans Manufacturer & Supplier in Delhi,₨600,https://delhi.craigslist.org/clo/d/denim-jeans-manufacturer-supplier-in/7083828418.html
HERITAGE GLAM | FLAWLESS TUNICS FOR WOMEN WITH A SPIN,₨450,https://delhi.craigslist.org/clo/d/heritage-glam-flawless-tunics-for-women/7083822357.html
Manobhav luxury handicrafts is a producer of corporate and wedding gif,₨700,https://delhi.craigslist.org/atq/d/manobhav-luxury-handicrafts-is-producer/7083251185.html
Buy Organic Cardamom Oil,₨5000,https://delhi.craigslist.org/hab/d/buy-organic-cardamom-oil/7083236736.html
CA final IDT INDIRECT TAX LAW AND PRACTICE COMPILER for Nov. 2019 by yogender Ba,₨725,https://delhi.craigslist.org/bkd/d/ca-final-idt-indirect-tax-law-and/7083231846.html
Purchase O3+ Whitening Face Emulsion Online,₨490,https://delhi.craigslist.org/hab/d/purchase-o3-whitening-face-emulsion/7083228042.html
Buy Flavoured Lubricants Online,₨283,https://delhi.craigslist.org/hab/d/buy-flavoured-lubricants-online/7083216938.html
BEST HOT DEAL ONLINE SHOPPING FOR YOU,₨600,https://delhi.craigslist.org/clo/d/best-hot-deal-online-shopping-for-you/7083209266.html
Outdoor Furniture Manufacturer & Suppliers,₨800,https://delhi.craigslist.org/fuo/d/outdoor-furniture-manufacturer-suppliers/7082901666.html
Five Tremendous Benefits Of Penking Penis Enlargement Medicine,₨3850,https://delhi.craigslist.org/hab/d/five-tremendous-benefits-of-penking/7082606797.html
Online Gifting Store For All occasion,₨999,https://delhi.craigslist.org/clo/d/online-gifting-store-for-all-occasion/7082613320.html
best fasteners manufacturers in india,₨11,https://delhi.craigslist.org/tad/d/best-fasteners-manufacturers-in-india/7082612700.html
Range of Gifting items for all age people,₨699,https://delhi.craigslist.org/clo/d/range-of-gifting-items-for-all-age/7082612461.html
Hospital Bed on Rent at Best Prices,₨4940,https://delhi.craigslist.org/hab/d/hospital-bed-on-rent-at-best-prices/7082604304.html
Get Unique Gifts for your loved ones,₨699,https://delhi.craigslist.org/clo/d/get-unique-gifts-for-your-loved-ones/7082599170.html
Buy O3+ Hydrating & Soothing Face Wash Online,₨385,https://delhi.craigslist.org/hab/d/buy-o3-hydrating-soothing-face-wash/7082596855.html
Modular Office Furniture with On-Time Delivery,₨5000,https://delhi.craigslist.org/fuo/d/modular-office-furniture-with-on-time/7082588397.html
Ayurvedic medicine for diabetes type 2,₨2499,https://delhi.craigslist.org/had/d/ayurvedic-medicine-for-diabetes-type-2/7082584044.html
Solar Panel Price in India | Best Solar Panels in India- Jetsor Power,₨20,https://delhi.craigslist.org/ppd/d/solar-panel-price-in-india-best-solar/7081964684.html
Get The Best Solution Of Premature Ejaculation From Peniking,₨3850,https://delhi.craigslist.org/hab/d/get-the-best-solution-of-premature/7081949267.html
Order Now Personalized Golden Mug Delivery Delhi,₨395,https://delhi.craigslist.org/atq/d/order-now-personalized-golden-mug/7081953726.html
Simon Modular Mini MCB,₨325,https://delhi.craigslist.org/app/d/simon-modular-mini-mcb/7081956738.html
Purchase O3+ Agelock Vita Moist Lotion Online,₨955,https://delhi.craigslist.org/hab/d/purchase-o3-agelock-vita-moist-lotion/7081941874.html
Brightening Lotion,₨155,https://delhi.craigslist.org/hab/d/brightening-lotion/7081926844.html
MEN’S FASHION WEAR | CLASSY NEW ONLINE MEN’S CLOTHES SHOPPING,₨510,https://delhi.craigslist.org/clo/d/mens-fashion-wear-classy-new-online/7081927438.html
Custom Mobile Cover,₨249,https://delhi.craigslist.org/bfs/d/custom-mobile-cover/7081447859.html
Multicolor Handcrafted Phulkari,₨3999,https://delhi.craigslist.org/cld/d/multicolor-handcrafted-phulkari/7081307172.html
Purchase O3+ Brighten Up Tonic Online,₨920,https://delhi.craigslist.org/hab/d/purchase-o3-brighten-up-tonic-online/7081280433.html
Duluck Smart Switches ( Model No.: APS-1604 ),₨890,https://delhi.craigslist.org/app/d/duluck-smart-switches-model-no-aps-1604/7081272534.html
AccuSure Knee Cap Sports Online in India,₨265,https://delhi.craigslist.org/hab/d/accusure-knee-cap-sports-online-in-india/7081273643.html
DIVA INCARNATION | SHINE THE ONLINE SHOPPING APPARELS FOR YOU,₨1159,https://delhi.craigslist.org/clo/d/diva-incarnation-shine-the-online/7081257853.html
sale copper bottles,₨500,https://delhi.craigslist.org/atq/d/sale-copper-bottles/7080998998.html
International Belly Dancers in Mumbai,₨22,https://delhi.craigslist.org/tix/d/international-belly-dancers-in-mumbai/7080909582.html
Online Sex Toys In Hyderabad,₨5000,https://delhi.craigslist.org/hab/d/online-sex-toys-in-hyderabad/7080151389.html
Purchase O3+ Derma Fresh Mask Brightening and Whitening online,₨490,https://delhi.craigslist.org/hab/d/purchase-o3-derma-fresh-mask/7080130864.html
Tandoor Manufacturers in Delhi India,₨5000,https://delhi.craigslist.org/fod/d/tandoor-manufacturers-in-delhi-india/7080115530.html
BRING BACK THE GLAM | MODEST NEW FUSION DRESSES NEW PRICE,₨700,https://delhi.craigslist.org/clo/d/bring-back-the-glam-modest-new-fusion/7080115258.html
KIDS IN THE MIRROR | ALL NEW ONLINE SHOPPING FOR KIDS,₨479,https://delhi.craigslist.org/clo/d/kids-in-the-mirror-all-new-online/7080110858.html
Buy Most Beautiful Gift on Women’s Day Gift for Her,₨795,https://delhi.craigslist.org/jwl/d/buy-most-beautiful-gift-on-womens-day/7079499014.html
Awesome Solutions for Penis enlargement ayurvedic medicine:Peniking,₨3850,https://delhi.craigslist.org/hab/d/awesome-solutions-for-penis-enlargement/7079479645.html
Bharat mein ling varadhi ki ayurvedic dawa,₨3450,https://delhi.craigslist.org/hab/d/bharat-mein-ling-varadhi-ki-ayurvedic/7079491410.html
Purchase O3+ Ban Acne Kit Online,₨2100,https://delhi.craigslist.org/hab/d/purchase-o3-ban-acne-kit-online/7079468359.html
Buy Best Silicone Sex Doll In Kolkata,₨5000,https://delhi.craigslist.org/hab/d/buy-best-silicone-sex-doll-in-kolkata/7079464684.html
Buy Sex Toys In Thane,₨5000,https://delhi.craigslist.org/hab/d/buy-sex-toys-in-thane/7079465269.html
Buy Sex Toys In Nagpur,₨5000,https://delhi.craigslist.org/hab/d/buy-sex-toys-in-nagpur/7079464173.html
Mobile Cover Online | Mobile Cases Online | Printed Mobile Back Cover,₨249,https://delhi.craigslist.org/mob/d/mobile-cover-online-mobile-cases-online/7079457803.html
Online Ayurvedic Store near me for Ayurvedic Products,₨1799,https://delhi.craigslist.org/hab/d/online-ayurvedic-store-near-me-for/7079444266.html
Buy Funky & Stylish Mobile Covers – Sowing Happiness,₨249,https://delhi.craigslist.org/clo/d/buy-funky-stylish-mobile-covers-sowing/7079442794.html
KNOW YOUR STYLE | SPRING ONLINE FASHION HAS NOW KNOW YOUR STYLEARRIVED,₨540,https://delhi.craigslist.org/clo/d/know-your-style-spring-online-fashion/7079430919.html
LAYER UP | CHECK OUT OUR WINTER WEAR FOR WOMEN SALE,₨760,https://delhi.craigslist.org/clo/d/layer-up-check-out-our-winter-wear-for/7079425700.html
Prevailing Torque Nuts | Prevailing Torque Nuts Manufacturers,₨11,https://delhi.craigslist.org/tls/d/prevailing-torque-nuts-prevailing/7078835178.html
Shine your hair with 100% natural herbal product,₨13,https://delhi.craigslist.org/for/d/shine-your-hair-with-100-natural-herbal/7078816957.html
Buy Sex dolls  In Lucknow,₨5000,https://delhi.craigslist.org/hab/d/buy-sex-dolls-in-lucknow/7078810472.html
Premium Silicone Sex Doll In Mumbai,₨5000,https://delhi.craigslist.org/hab/d/premium-silicone-sex-doll-in-mumbai/7078809661.html
Ayurvedic medicine for Diabetes | Natural Madhunashini,₨2499,https://delhi.craigslist.org/had/d/ayurvedic-medicine-for-diabetes-natural/7078789445.html
TIMELESS LUXURY | CLASSIC NEW CORDUROY PANTS ONLINE BUY NOW,₨760,https://delhi.craigslist.org/clo/d/timeless-luxury-classic-new-corduroy/7078790784.html
BRING BACK THE GLAM | MODEST NEW FUSION DRESSES NEW PRICE,₨700,https://delhi.craigslist.org/clo/d/bring-back-the-glam-modest-new-fusion/7078788049.html
Save 62% on Air Bike Exercise Cycle for Home | 1 Year Warranty,₨4500,https://delhi.craigslist.org/spo/d/save-62-on-air-bike-exercise-cycle-for/7078187303.html
Buy Socks At 20% Off,₨300,https://delhi.craigslist.org/cld/d/buy-socks-at-20-off/7078190936.html
Weighing Machine Manufacturer In Delhi | 8800809593,₨1000,https://delhi.craigslist.org/eld/d/weighing-machine-manufacturer-in-delhi/7078174715.html
Buy Adult Sex Toys In Chennai,₨5000,https://delhi.craigslist.org/hab/d/buy-adult-sex-toys-in-chennai/7078169330.html
Rose Hip Toner,₨125,https://delhi.craigslist.org/hab/d/rose-hip-toner/7078168194.html
Purchase O3+ Vitamin C Booster Online,₨1550,https://delhi.craigslist.org/hab/d/purchase-o3-vitamin-booster-online/7078169149.html
"Welcome to TM Media, Buy Macconkey Agar",₨815,https://delhi.craigslist.org/bfs/d/welcome-to-tm-media-buy-macconkey-agar/7078161311.html
Latest Spy Gadgets in Delhi,₨1000,https://delhi.craigslist.org/eld/d/latest-spy-gadgets-in-delhi/7078141344.html
COURTESY OF | ALL NEW ONLINE SHOPPING APPARELS SHOP NOW,₨1159,https://delhi.craigslist.org/clo/d/courtesy-of-all-new-online-shopping/7078135740.html
Realstone - Buy Original Certified Ruby or Manik gemstone at Kalka,₨325,https://delhi.craigslist.org/jwd/d/realstone-buy-original-certified-ruby/7063732488.html
Realstone - Buy Original Yellow Sapphire or Pukhraj at kalka,₨3750,https://delhi.craigslist.org/jwd/d/realstone-buy-original-yellow-sapphire/7063730918.html
RealStone - Buy Certified Emerald or Panna Best Price at kalka,₨525,https://delhi.craigslist.org/jwd/d/realstone-buy-certified-emerald-or/7063731961.html
Realstone - Buy Original Certified Red Coral or Moonga at kalka,₨524,https://delhi.craigslist.org/jwd/d/realstone-buy-original-certified-red/7063732922.html
Brightening Lotion,₨155,https://delhi.craigslist.org/hab/d/brightening-lotion/7077502074.html
MOTHER’S WORLD | COMFY NEW ONLINE SHOPPING MATERNITY FOR YOU,₨375,https://delhi.craigslist.org/clo/d/mothers-world-comfy-new-online-shopping/7077470044.html
Linen Fabric Foldable Storage Box Cum Stool,₨849,https://delhi.craigslist.org/hsd/d/linen-fabric-foldable-storage-box-cum/7076836438.html
Socket Countersunk Screws in Delhi,₨11,https://delhi.craigslist.org/tld/d/socket-countersunk-screws-in-delhi/7076824618.html
Premium Silicone Sex Doll In  Patna,₨5000,https://delhi.craigslist.org/hab/d/premium-silicone-sex-doll-in-patna/7076818016.html
Buy Best Silicone Sex Doll In rajkot,₨5000,https://delhi.craigslist.org/hab/d/buy-best-silicone-sex-doll-in-rajkot/7076819256.html
Buy Sex Toys In Nagpur,₨5000,https://delhi.craigslist.org/hab/d/buy-sex-toys-in-nagpur/7076817530.html
"Vehicle Tracking System, GPS Tracker at Reasonable Price",₨4999,https://delhi.craigslist.org/wtd/d/vehicle-tracking-system-gps-tracker-at/7076798922.html
Sparx Ladies Shoes at 899 - Relaxo Footwear,₨899,https://delhi.craigslist.org/clo/d/sparx-ladies-shoes-at-relaxo-footwear/7076796237.html
Sparx Men Sandals - Relaxo Footwear,₨675,https://delhi.craigslist.org/clo/d/sparx-men-sandals-relaxo-footwear/7076793770.html
LED TV manufacturing company in Delhi NCR India,₨5000,https://delhi.craigslist.org/ele/d/led-tv-manufacturing-company-in-delhi/7076782206.html
Premium Silicone Sex Doll In Thane,₨5000,https://delhi.craigslist.org/hab/d/premium-silicone-sex-doll-in-thane/7075684431.html
Premium Quality Silicone Sex Toys In  Hyderabad,₨5000,https://delhi.craigslist.org/hab/d/premium-quality-silicone-sex-toys-in/7075683674.html
Buy Adult Sex Toys In Mumbai,₨5000,https://delhi.craigslist.org/hab/d/buy-adult-sex-toys-in-mumbai/7075682563.html
Ayurvedic medicine for diabetes | Natural Madhunashini,₨2499,https://delhi.craigslist.org/had/d/ayurvedic-medicine-for-diabetes-natural/7075674855.html
LED TV manufacturing company in Delhi NCR India,₨5000,https://delhi.craigslist.org/atd/d/led-tv-manufacturing-company-in-delhi/7075668868.html
